Group1	Group2	Similarity
0	1	4.079790215322983
0	2	2.8986790708651577
0	4	4.312170302364695
0	5	3.936120570396061
0	6	3.1609762374507246
0	8	4.211743892313077
0	9	4.528583856170523
0	10	4.300105835244528
0	15	3.2206452946937296
0	16	3.1566854431639984
0	17	4.445587643872938
0	19	3.0156838993588884
0	21	4.397126651735527
0	26	3.057844243523816
0	27	3.17363724361371
0	28	2.9982816243500334
0	31	3.3988015827910107
0	32	3.838417611909486
0	35	2.981622952716723
0	37	4.364126471788565
0	38	2.95585324549399
0	43	2.8257625167347737
0	44	3.975546847633292
0	45	4.021587595351955
0	46	2.9965765037765095
0	47	3.387402887839191
0	48	4.019117942797547
0	49	2.8640761197091313
0	50	3.309474822681323
0	51	3.026214083050596
0	53	3.129631039167
0	54	3.598398759027038
0	61	3.985649145913645
0	62	4.004069688961234
0	63	2.998559917676221
0	64	3.003785856839667
0	66	2.884087304395613
0	67	2.917272744014349
0	71	4.353272319901943
0	72	2.934997188635302
0	73	2.8286340146413065
0	76	3.5321549226706104
0	81	3.490902291266306
0	83	2.99305477872782
0	85	3.765844287249678
0	86	3.3604725976006904
0	88	4.00345927822843
0	90	3.3733498541729876
0	92	3.9619311239758863
0	93	3.3706759496993723
0	94	2.9128014215723237
0	95	2.809521468181089
0	96	2.9909083765515696
0	97	4.025119320490169
0	99	2.967524752885942
1	4	3.2875486898170854
1	5	3.407823635713341
1	6	3.5396184443211505
1	8	3.2512488050631907
1	9	3.2065151681456423
1	10	3.494160144768569
1	15	3.4199715554462933
1	16	3.4464989046950913
1	17	4.0174368864419066
1	19	3.06397999161229
1	21	2.996133709133324
1	26	2.97959453627227
1	27	3.3420047390874874
1	28	3.0076312142419335
1	31	4.93775524999383
1	32	3.158828831109736
1	35	3.010328826886407
1	37	3.989540886004474
1	38	3.025812467477886
1	44	4.4019547277307725
1	45	2.924999367247273
1	47	3.9472286353994757
1	48	2.944588740499473
1	49	2.9695202007054817
1	50	3.0206807120727515
1	51	3.9350911174207988
1	53	3.3289655024005267
1	58	2.90617359245083
1	61	2.949981289509485
1	62	2.9046005835025213
1	63	2.8994024447567064
1	64	3.9041617789420355
1	65	2.982733147409767
1	66	2.9903724444444273
1	67	3.0181073464825015
1	71	3.9444819175547465
1	73	2.9277412549365933
1	83	2.8927939669629934
1	85	2.857738053885039
1	86	3.892229244687016
1	88	2.9017774637464786
1	90	3.9035404668689515
1	92	3.3241168191035158
1	93	3.9149651345557905
1	95	2.906269567769169
1	96	3.8901716085169507
1	97	2.9801496522799993
2	7	3.437873918702903
2	11	3.321727820495793
2	12	3.589822088767158
2	13	4.228746225631132
2	14	4.141387253313025
2	17	3.148986069013862
2	18	3.1638844656368246
2	20	3.11149997396764
2	23	4.501274226069507
2	24	4.018599009570184
2	25	4.125650128332906
2	30	4.030846036149846
2	33	3.0879069008741276
2	36	4.126158417640007
2	37	3.0260231928860026
2	39	4.061303627379943
2	40	4.02738505274898
2	41	3.0017216291964752
2	42	3.3722257785969796
2	46	4.386427873320068
2	50	3.962149610561031
2	52	3.0532728168751304
2	55	4.021171340120483
2	56	3.920914996281591
2	59	3.025841560034497
2	68	3.001124832495706
2	69	3.0204736888954664
2	70	4.397683493068635
2	71	2.993344388039073
2	74	4.023626960447433
2	75	3.98232521089373
2	77	2.952447219685287
2	79	3.3822797007979135
2	80	3.6348142430342336
2	82	3.993452072918158
2	84	3.3872851978386254
2	87	4.010045186934973
2	89	4.951606518094708
2	91	4.078947960351236
2	94	4.284564516201131
2	98	3.0054889853044733
2	99	2.970827643736695
3	4	2.8102376916081706
3	6	3.478114232779673
3	7	3.57830394499553
3	11	3.411579027298729
3	12	3.4172922768857203
3	13	3.308967330775612
3	15	3.2684177061366566
3	16	3.233623880578651
3	26	3.1336242422348946
3	27	3.1060497659666053
3	33	3.0675579729955507
3	35	3.71153906670029
3	41	3.0940823366042944
3	42	3.0963000468380457
3	47	3.048225916624758
3	49	3.333230931533486
3	50	3.047465504690376
3	57	3.0435979288308204
3	62	2.9837184389292792
3	68	4.021136833040102
3	69	2.998144470960784
3	73	2.903633327423015
3	77	3.025541703044305
3	79	2.9675384746354494
3	90	2.9732558092416665
3	92	3.027826483042768
3	93	2.969026258057456
3	98	2.9856851326783103
3	99	3.022673989297915
4	5	4.501070917376053
4	6	3.5418504879069053
4	8	4.6671253922933325
4	9	4.600717148123257
4	10	4.554804878253131
4	15	3.3274151018920968
4	16	3.2260046023946116
4	17	4.27820656440293
4	19	3.5702312098147257
4	21	4.250242596324732
4	24	3.1258455275151134
4	26	3.2018554132121206
4	27	3.1589685312501623
4	28	3.4818091127375315
4	31	3.1279473446792343
4	32	3.808447712279313
4	35	3.1019428183295585
4	37	4.092297273652847
4	38	3.04698301106631
4	44	3.0543323860966067
4	45	4.0881830756706545
4	47	3.095828476283451
4	48	4.092480636348222
4	49	2.9356295128204484
4	50	3.013522084611484
4	51	3.461920399303041
4	53	3.060777455163572
4	54	4.026752831798879
4	57	3.0053370893676212
4	61	4.03303754351955
4	62	4.040768453444214
4	63	3.0345658309540893
4	64	4.03986189217285
4	66	3.5196744980890826
4	67	2.9620841370808053
4	71	4.0271107304908025
4	73	2.8753329967004335
4	74	3.0448932497047467
4	76	3.568061376835134
4	81	3.5237369497105377
4	83	3.018503159225033
4	85	3.7986009054441343
4	86	3.016137097157772
4	88	5.02582425391036
4	90	3.027589595079437
4	92	2.99272335711774
4	93	3.0228493686821887
4	95	2.841407784134728
4	96	3.010823561381927
4	97	4.035916018625068
4	99	2.9973551454114453
5	6	3.7693079925659188
5	8	4.537694601648126
5	9	4.444563573127217
5	10	4.370242264484347
5	15	3.11433332283387
5	16	3.0850925386145924
5	17	4.031833344094267
5	19	3.048655683228926
5	21	3.988226913798212
5	26	3.0623092933868366
5	27	2.89124350157458
5	28	2.909998886377298
5	31	2.845901268946016
5	32	4.152841261454131
5	34	3.0424282316796116
5	35	2.8936624266051725
5	37	3.869880099776142
5	38	2.890732920847939
5	43	3.2312049851543247
5	44	2.8720630062838954
5	45	3.8133905039532565
5	47	2.8109877724141947
5	48	3.8547260624250086
5	49	2.9488090638496445
5	50	2.8610039406031325
5	53	2.8082810776773495
5	54	3.949170952734523
5	58	3.052114613253262
5	60	3.4086687222924814
5	61	3.823832787778434
5	62	3.7890773235845527
5	63	3.10244896693419
5	66	2.851776322517443
5	67	2.8722449716345997
5	71	3.7622407454641684
5	73	2.896162854305502
5	76	4.192396574687124
5	81	3.7598614544986035
5	85	3.967350812311954
5	88	3.717856948072559
5	95	2.891282369231844
5	96	3.7057014285175267
5	97	3.733375483373308
6	8	3.8576192639302818
6	9	3.7675389079780737
6	10	4.550366656949556
6	15	5.270330373466113
6	16	5.2407729367711395
6	17	3.547188884706533
6	19	3.2006308658830287
6	21	3.1348928196572245
6	22	3.3331332242905325
6	26	4.064048640893534
6	27	5.025270185668751
6	28	3.0477726268607395
6	31	3.3419205256179754
6	32	4.03162198437763
6	34	3.935071940588488
6	35	4.030415265535531
6	37	3.3712925777619
6	38	3.028350516822078
6	43	3.772880480599355
6	44	3.116125557032057
6	45	2.9194550869097267
6	47	4.3050835909442995
6	48	2.930530468640889
6	49	4.0780212380811305
6	51	2.9177131814495514
6	53	3.9352537503113316
6	54	2.8381450113558397
6	58	4.003150403461046
6	60	2.910866962355089
6	61	2.8977263567700255
6	62	2.8575531675019517
6	63	2.8518371409059142
6	64	2.855970439908318
6	66	2.988655445899135
6	67	2.9544824876933653
6	71	3.2525351353312506
6	73	4.040821906836202
6	79	2.8351914519689974
6	83	2.829164610680456
6	85	3.012621443238934
6	86	3.1951071962193254
6	88	2.834007836978248
6	90	4.203098790992193
6	92	4.014639084160949
6	93	4.197700051043706
6	95	3.036240637379378
6	96	2.8201586347609657
6	97	2.9751712797588823
7	11	4.782730223793814
7	12	4.594418786563932
7	13	4.534661250878398
7	14	3.401430001792959
7	18	3.372746249262019
7	23	3.3103725816149083
7	24	3.3271776884335345
7	25	3.28622459820929
7	30	3.1597916138165827
7	33	4.204823104381484
7	36	3.1837383486451603
7	39	3.1508030579848816
7	40	3.115245562637531
7	41	4.089586460617321
7	42	4.087701429409123
7	46	3.0938472568468187
7	52	3.2556847326055025
7	55	3.4472106575711168
7	56	2.9934540012133084
7	68	4.041224447754476
7	69	4.118799448250586
7	70	3.072244968095924
7	74	3.193678769399507
7	75	2.998384789913907
7	77	4.142019548017441
7	79	4.053552762816921
7	82	3.0731569212312735
7	87	3.046158903426
7	89	2.9786861551076025
7	94	2.9414396547202433
7	98	3.0293758460857547
8	9	5.901467555051522
8	10	4.946224644919427
8	15	3.6406174336522987
8	16	3.513875833157007
8	17	4.455029181400178
8	19	3.342402052088434
8	21	4.3975923264312975
8	26	3.278557197680222
8	27	3.3725053881013736
8	28	3.2067018266345664
8	31	3.2272657255158252
8	32	4.024995397157603
8	34	2.809343607357846
8	35	3.1670999117127536
8	36	3.1690485727598605
8	37	4.2218904969926765
8	38	3.1227651254974025
8	44	3.556784784536045
8	45	4.124096268721093
8	47	3.19049834508515
8	48	4.133302871246597
8	49	3.0038570726603124
8	50	3.1262277127807336
8	51	3.1182943544109083
8	53	3.256285902137404
8	54	3.7087213553214022
8	58	3.8244644954056515
8	61	4.080414122405724
8	62	4.0524154752665815
8	63	3.043735831759738
8	64	3.0485819145995805
8	66	2.9730074961889454
8	67	3.0066427128633713
8	71	4.120539455947163
8	73	2.908770346136781
8	76	3.60060835318426
8	81	3.553073169198444
8	83	3.018672038164546
8	85	3.8396059288837607
8	86	3.066340507370511
8	88	4.025273143075373
8	90	3.0766278293628
8	92	3.0470691853111025
8	93	3.0725328309647466
8	95	2.871562687048962
8	96	3.0089347787728014
8	97	6.004427857331171
8	99	3.032818363844226
9	10	5.035981939521677
9	15	3.6946988819862567
9	16	3.5598775146793042
9	17	4.500933074981747
9	19	3.3837445637474755
9	21	5.347674415618055
9	26	3.3114485631516937
9	27	3.3999439557888347
9	28	3.2315820554462955
9	31	3.2516205406937173
9	32	4.0481368966291615
9	34	2.831642141168538
9	35	3.18884397708165
9	36	3.1886545247351537
9	37	4.242266454271197
9	38	3.142023860851926
9	43	3.5389714230330336
9	44	3.157020487949674
9	45	4.141448373202539
9	47	3.207696315891603
9	48	4.149787569438249
9	49	3.0187902767880863
9	50	3.1410647306028805
9	51	3.1340630366924995
9	53	3.269753436477237
9	54	3.7217001128629525
9	58	3.7390152960855922
9	61	4.08945988929726
9	62	4.062825814785505
9	63	3.0540439002652136
9	64	3.058837821820859
9	66	2.98166987984947
9	67	3.015225710225965
9	71	4.128272401398997
9	73	2.9171253878539383
9	76	3.60800088011016
9	81	3.559845858920812
9	83	3.0262477640801677
9	85	3.845785719480942
9	86	3.073686614290916
9	88	4.032368547895555
9	90	3.083670479691119
9	92	3.0523108797467313
9	93	3.0770926847467432
9	95	2.87678550565572
9	96	3.015441633009413
9	97	5.039744380412817
9	99	3.0378216708104526
10	15	4.604879581268391
10	16	4.461729622223894
10	17	4.874206757154958
10	19	3.4168351745052457
10	21	4.445829160516441
10	23	3.38931614817613
10	26	3.353358148673265
10	27	4.298795601891728
10	28	3.3080769687142992
10	31	3.6029293027731155
10	32	4.929999545019992
10	34	2.8484480076251524
10	35	3.202149297021186
10	37	4.572064633397148
10	38	3.153016653869796
10	44	3.281882849836427
10	45	4.161827541100484
10	47	3.55202730208976
10	48	4.175332329101229
10	49	3.020363231708108
10	50	3.46574623782156
10	51	3.1588154677629077
10	53	4.1391201797894945
10	54	3.7293536559091414
10	58	2.8798065219477933
10	61	4.089701492136621
10	62	4.079866283302462
10	63	3.0726839321631902
10	64	3.25320599726374
10	66	2.982454073113711
10	67	3.0156191307238114
10	70	3.0734708276039173
10	71	4.4452677980117645
10	73	2.9168317467419307
10	76	3.6105092231190232
10	81	3.562024371734604
10	83	3.04253021373926
10	84	3.060906401966555
10	85	3.839190326215987
10	86	3.4078302652962553
10	88	4.048268009437474
10	90	3.4176279235948472
10	92	3.1658938049797993
10	93	3.4105502601786486
10	95	2.8747255554442495
10	96	3.0305410848932763
10	97	4.190479586649331
10	99	3.034083945943029
11	12	4.843503191895082
11	13	4.740824609852953
11	14	3.573290422490956
11	23	3.4206338205253566
11	24	3.329190061010718
11	25	3.3881476691950763
11	30	3.220219231454091
11	33	4.754995889052589
11	35	3.19113129597321
11	36	3.246595044800327
11	39	3.216000958587099
11	40	3.175147200593795
11	41	5.149304724201319
11	42	4.148604642205698
11	46	3.149649967901433
11	52	3.1894051127567797
11	55	3.1250001369257894
11	56	3.0166915517348243
11	68	4.074259258420905
11	69	5.0088860172450005
11	70	3.095532657768284
11	74	3.106299450751661
11	75	3.027383764505786
11	77	4.041074753838236
11	79	4.0720505920927454
11	82	3.0994906502672133
11	87	3.058591485339594
11	89	3.0028878200607347
11	94	2.9638937458285803
11	98	3.051975194624449
12	13	5.131020921243169
12	14	3.6832371872233867
12	23	3.5233214874260472
12	24	3.419340926950711
12	25	3.355212627111604
12	30	3.2862696775213855
12	33	4.223132259941976
12	36	3.2157925098280504
12	39	3.1834569799674957
12	40	3.202300284674207
12	41	4.228643316797026
12	42	5.2187974975247355
12	46	4.17632460374922
12	52	3.114921865172935
12	55	3.114797397746865
12	56	3.0983049763207657
12	68	4.072922109880962
12	69	4.047157105928533
12	70	3.1674074578530886
12	74	3.0325258651082234
12	75	3.098290524157453
12	77	4.094923640563904
12	79	4.143671744321415
12	82	3.0448596281759213
12	87	2.9936422021908355
12	89	3.445575644780771
12	91	2.955703664162882
12	92	3.0562440467574437
12	94	4.040496417286615
12	98	3.013236655406867
13	14	3.7932399412462847
13	15	3.1912004975144055
13	16	3.0138534178811094
13	23	3.9156479907335786
13	24	3.4629161634341568
13	25	3.511854839444615
13	30	3.323473168824421
13	33	4.346179041451356
13	36	3.3656450248265704
13	39	3.2963448950865057
13	40	3.258648493594063
13	41	4.23239519968627
13	42	4.598031323284521
13	46	3.593011194863588
13	47	3.246853938822179
13	50	3.169269578617656
13	52	3.2144545666986994
13	55	3.1862160562769795
13	56	3.074060654920626
13	68	4.122160554812899
13	69	4.1307324918583115
13	70	3.4823479509293787
13	74	3.1137920120695073
13	75	3.08830279522002
13	77	4.0557433186368606
13	79	4.455125289221467
13	82	3.089298245259371
13	87	3.06939671735204
13	89	4.039586135065301
13	90	3.0813823803175735
13	91	3.1600555322418913
13	93	3.072330892868184
13	94	3.3660841442173495
13	98	3.087274893967824
14	18	3.7402603438903435
14	20	3.7347651575011596
14	23	4.605683203816221
14	24	4.616139358790237
14	25	4.555376556143498
14	30	4.565830559730929
14	33	3.36433774378879
14	36	4.329773823223265
14	39	4.320806789553376
14	40	5.316763659731105
14	41	3.3352732659892492
14	42	3.331055304745856
14	46	4.300524647648544
14	50	3.248396347254413
14	52	3.2079585959914128
14	55	4.2039338161082505
14	56	5.186980916577427
14	59	3.1418339420564263
14	68	3.1343826011621196
14	69	3.106017053021616
14	70	4.090110516614413
14	74	4.0875990737564605
14	75	4.142283129983133
14	77	3.126846816434243
14	79	3.0605004063655183
14	80	3.828050155918474
14	82	4.09426344478302
14	84	3.0643418208671127
14	87	5.039328715246912
14	89	4.221424692238638
14	91	3.846200279475684
14	94	4.062518526638517
14	98	3.0555471874732736
14	99	3.1393489915587525
15	16	5.7972236976331075
15	17	4.3930994103734395
15	19	3.721931433913154
15	21	3.7180920293240525
15	22	3.701519036473153
15	26	4.567768768442181
15	27	5.477598878752433
15	28	3.4378991799917293
15	31	3.7582029756363466
15	32	4.102660749084962
15	34	4.013429143053372
15	35	4.369942807647643
15	37	3.730333604448668
15	38	3.3030471112433366
15	43	3.827736402705444
15	44	3.412029816159471
15	45	3.2679374790922675
15	47	4.656515606545881
15	48	3.274973067701586
15	49	4.13870778789743
15	51	3.253572998541357
15	53	4.249373152733226
15	54	2.829105944486243
15	58	3.9665544322729946
15	60	2.8514945068438706
15	61	3.168960701379746
15	62	3.13736753427834
15	63	3.1291878932556174
15	64	3.134284204736679
15	66	3.057374759712415
15	67	3.0905295100577894
15	71	3.515362924565197
15	73	3.9843045080190307
15	79	3.093267712306482
15	83	3.080243125510412
15	85	2.8945300094616018
15	86	3.6428533850668248
15	88	3.0824347008925095
15	90	4.451391452668237
15	92	4.4234051166583885
15	93	4.440966051400617
15	95	2.9244260017229293
15	96	3.0607609925738046
15	97	3.2200752659465657
16	17	4.281432444335221
16	19	3.902283843711746
16	21	3.8044363985567897
16	22	3.8275742466327407
16	26	4.626156856763102
16	27	5.517626161638004
16	28	3.531169614025335
16	31	3.789621061944322
16	32	4.225543822421571
16	34	4.199555874086429
16	35	4.474205267482367
16	37	3.8072078709812627
16	38	3.4175652066174766
16	43	3.9129994619346586
16	44	3.4886281471250795
16	45	3.275908128297826
16	47	4.667456507168089
16	48	3.2788287878537634
16	49	4.234288850929974
16	51	3.255489666991482
16	53	4.266249829639826
16	54	2.9193995510053323
16	58	4.036482857636349
16	60	2.9194501744153083
16	61	3.1706908942324685
16	62	3.122499970381996
16	63	3.1140879025644193
16	64	3.1189010511604685
16	66	3.1339757530965633
16	67	3.16870962143605
16	71	3.507948006859276
16	73	4.054820651932489
16	79	3.071634589929581
16	83	3.0562430660056457
16	85	2.966526389150667
16	86	3.4191719972902823
16	88	3.056271163210919
16	90	4.424947007680516
16	92	4.239972980489044
16	93	4.413011108838599
16	95	2.985886448498098
16	96	3.033217448246033
16	97	3.1911451800830757
17	18	2.957208269139677
17	19	3.8742144185042333
17	20	2.8931627758054312
17	21	4.8827392311878715
17	22	2.848748298352463
17	23	3.1654790926832734
17	26	3.7046697136518474
17	27	3.956785681524989
17	28	3.5259489524099434
17	31	4.4939695837278775
17	32	4.554352540195728
17	34	3.0942559100586187
17	35	3.445879718471484
17	37	5.432782267690254
17	38	3.3695016342889748
17	43	2.8910649848870222
17	44	3.699517559067347
17	45	4.343787081174795
17	47	4.36366335400585
17	48	4.348243702304015
17	49	3.188519563767391
17	50	4.266102642417907
17	51	3.323978873978037
17	53	3.6606968029863984
17	54	3.8739787352799997
17	58	2.917993039088271
17	60	2.8829935833918032
17	61	4.195188251884042
17	62	4.186525948108522
17	63	3.177882335621337
17	64	3.183054116172639
17	66	3.083046598341325
17	67	3.115582025519441
17	71	5.168578849763353
17	73	3.006832215225838
17	76	3.693917115156741
17	81	3.6377874838311963
17	83	3.118531073903587
17	85	3.91083562713749
17	86	4.8438147314111095
17	88	4.118955031422238
17	89	3.087363001275313
17	90	4.119846010183233
17	92	3.5485241161933563
17	93	4.107531253322423
17	95	2.937336082513858
17	96	3.0948773234188747
17	97	4.1687597652767465
17	99	3.095423891682912
18	20	2.890175594504822
18	21	2.9049131671381625
18	23	3.8368809649449744
18	24	3.8548472007709242
18	25	3.7744627566713596
18	30	3.5011525803152077
18	36	3.493055103697121
18	39	3.481785873074581
18	40	3.381382528725255
18	46	3.329856999330572
18	50	3.254055493071971
18	55	3.6646474067526618
18	56	3.165575617414275
18	59	4.2746990195634
18	70	3.193994022790386
18	74	3.30890136848082
18	75	3.1119012297812296
18	78	3.1956424044199285
18	82	3.1737395178484906
18	84	3.145917949126077
18	87	3.135146214174217
18	89	3.0703343266286574
18	91	2.8250445649945277
18	94	3.0257602157742847
18	99	3.077743173154024
19	21	3.891077167602714
19	22	2.9118198164240683
19	26	3.7015276764200604
19	27	3.580971857909305
19	28	4.72752739133795
19	31	3.478153956746482
19	32	3.2651217496501697
19	34	3.1853819916976374
19	35	3.5350105097427607
19	37	3.477211146121068
19	38	3.45794208198767
19	43	2.950146908228462
19	44	3.395366545464813
19	45	3.3158278518445217
19	47	3.3352420748989378
19	48	3.3178286865704907
19	49	3.264335152657175
19	51	3.4281668424789613
19	53	3.301815456319162
19	54	3.93060009982732
19	58	2.923862594611293
19	60	2.939107331230896
19	61	3.19645578191447
19	62	3.147533109103117
19	63	3.13904331143158
19	64	3.511805309905828
19	66	3.2006695758829373
19	67	3.185392651105375
19	71	3.162860252458023
19	73	3.088106009421143
19	83	3.077767508147055
19	85	2.9671629498242273
19	86	3.0698269883576623
19	88	3.442152236508845
19	90	3.074956129572773
19	92	3.1219284613326606
19	93	3.0619450029454542
19	95	3.00205894745139
19	96	3.049868970619557
19	97	3.072461998611811
20	21	3.934768491835208
20	23	3.853243295750996
20	24	3.8192197376868124
20	25	4.147930162177404
20	30	3.5656730946934503
20	36	3.528883705200134
20	39	3.4380711876561225
20	40	3.447360750596082
20	46	3.4441252714135127
20	55	3.2932979182533897
20	56	3.2097559716609476
20	70	3.16661222512317
20	72	3.1589178340210182
20	74	3.1535568058808727
20	75	3.3054047945395206
20	80	2.807776820480472
20	82	3.1547919971806415
20	87	3.0957734494161127
20	89	3.1368310660591154
20	91	2.8750510671050957
20	94	3.079768908240605
21	22	2.948542187594932
21	23	2.915905575619885
21	24	2.806812583244374
21	25	3.2088090929324506
21	26	3.7892873561523808
21	27	3.653013005709503
21	28	3.580878908455618
21	31	3.571843694991756
21	32	4.246785671963647
21	34	3.1462470429777984
21	35	3.4926472008948997
21	37	4.478168813914567
21	38	3.4099431419928115
21	43	3.8780126452633548
21	44	3.3650562984718335
21	45	4.535746180740049
21	47	3.3964224301785833
21	48	4.377894244842985
21	49	3.3534847638668435
21	50	3.2974098234983678
21	51	3.3687077168754342
21	53	3.3241390124538146
21	54	3.9016119965483416
21	58	2.9400072518029257
21	60	2.907813083222257
21	61	4.208218192564095
21	62	4.274782217504242
21	63	3.222776902617554
21	64	3.221239818570863
21	66	3.0960846626491314
21	67	3.1281553232252364
21	71	4.180471036078024
21	73	3.0186166173454163
21	76	3.7083482027904515
21	81	3.6500339123295333
21	83	3.1495825958469696
21	85	4.053531242189149
21	86	3.146369643830276
21	88	4.148864636239766
21	90	3.1521190046535836
21	92	3.098412841254395
21	93	3.138514053965155
21	95	2.942061481999247
21	96	3.125577242240624
21	97	4.187499787818893
21	99	3.097894562270831
22	26	3.8593418408854645
22	27	3.716484035293595
22	34	3.615455334767993
22	35	3.6070135716694107
22	38	3.538730034494767
22	43	3.492515483446361
22	47	3.445451467938369
22	49	3.4239625059014647
22	58	3.319089496262708
22	73	3.2334757868840645
22	90	3.1778536993120827
22	92	3.1686789115777834
22	93	3.1651506375352474
23	24	4.866866802474124
23	25	4.944647340353127
23	30	4.574977636521836
23	32	3.2765920988672645
23	33	3.621580762477092
23	36	4.720337878879025
23	37	2.8702623446587707
23	39	4.502750704768176
23	40	4.448823227900757
23	41	3.4230153523852143
23	42	3.551124916196354
23	46	4.526275903506383
23	50	3.6791568462479036
23	52	3.385939597372845
23	55	4.310308761690598
23	56	4.19028230808443
23	59	3.2610860076269907
23	68	3.203194918708379
23	69	3.212419488577408
23	70	5.223881258061365
23	74	4.19887786497204
23	75	4.187006223174064
23	77	3.120756114865371
23	79	4.1985113027134
23	80	3.7912702423291265
23	82	4.1451924211777085
23	84	4.1660769117396566
23	87	4.167320734836871
23	89	4.457169426720085
23	91	4.844860554522674
23	94	4.178182893204355
23	98	3.128815523768083
23	99	3.093785204846952
24	25	4.801994419303592
24	30	4.5827107696354465
24	33	3.5205570279619174
24	36	4.465722675474762
24	39	4.416365334518707
24	40	4.421468807360087
24	41	3.4642347377636
24	42	3.43021332088372
24	46	4.364703015253522
24	50	3.390400206302188
24	52	4.280891774196668
24	55	4.302239290081428
24	56	4.322326246710651
24	57	3.265070350869381
24	59	3.545275019507826
24	68	3.1560954879057252
24	69	3.260701770071458
24	70	4.109350133675029
24	74	5.100693588856585
24	75	4.153735824068976
24	77	3.1591867216846747
24	79	3.0713565885273044
24	80	3.881139582524074
24	82	4.464919844979159
24	84	3.066980271557977
24	87	4.040361338058781
24	88	3.0491002528001534
24	89	4.118909503866905
24	91	3.9462232682485565
24	94	4.1400585225705
24	98	3.0485204719054924
24	99	3.0804241075847747
25	30	4.624030976970241
25	33	3.669663260835871
25	36	4.765086425514798
25	39	4.542586876794142
25	40	4.486735005314431
25	41	3.460921067958579
25	42	3.455278399197116
25	46	4.426877085564407
25	50	3.349380253043381
25	52	3.4157764491848437
25	55	4.336221200698869
25	56	4.21441745184873
25	59	3.2820834116995337
25	68	3.2391488565947375
25	69	3.2294858446896226
25	70	4.259258663310877
25	74	4.214926620831435
25	75	4.520483475605731
25	77	3.1357000247194953
25	79	3.2339132710510565
25	80	3.8052968325395775
25	82	4.158616523565231
25	84	3.197347589480443
25	87	4.181972957211073
25	89	4.108190317050109
25	91	3.8750470707237428
25	94	4.056454876850297
25	98	3.1705095594964585
25	99	3.104647550412249
26	27	4.823008678471568
26	28	3.7501637241035244
26	31	3.7129307529436386
26	32	3.3945237194142623
26	34	4.294796568101436
26	35	4.641870802055614
26	37	3.616190662315781
26	38	3.543123083219473
26	43	4.098030568587429
26	44	3.47921291722426
26	45	3.5018825970574197
26	47	4.50535139704786
26	48	3.8526779376002427
26	49	4.325334347210731
26	51	3.465683665221243
26	53	3.4143532189668475
26	54	2.990206408059257
26	58	3.9669964855643505
26	60	3.019846120989862
26	61	3.6448161300186452
26	62	3.286634650566358
26	63	3.7331985203202436
26	64	3.2751649051804304
26	65	3.235306640311599
26	66	3.161309245396894
26	67	3.561021079113683
26	71	3.238516844279011
26	73	4.077632685213747
26	76	3.127792582460455
26	83	3.1932596661419237
26	85	2.9684498739880825
26	86	3.1793731941143393
26	88	3.1826280806856033
26	90	4.183038705685768
26	92	4.141970975359942
26	93	4.1663930190389635
26	95	2.987103968195626
26	96	3.288579997309907
26	97	3.1770727120481377
27	28	3.919892145704739
27	31	4.22154356176759
27	32	4.549059059711287
27	33	2.860643541164502
27	34	4.4415980737062615
27	35	4.791680535676842
27	37	4.125287976682182
27	38	3.6769765107055736
27	43	4.164914752959194
27	44	3.730479780334045
27	45	3.596820196011683
27	47	4.981955710863597
27	48	3.587097314046966
27	49	4.429214804300836
27	50	2.8737084172593748
27	51	3.551988437174609
27	53	4.5123530238779646
27	54	3.079232447544532
27	58	4.17961264132083
27	60	3.039766923647691
27	61	3.347052964485034
27	62	3.3329978170091237
27	63	3.322092138945947
27	64	3.3269493997015926
27	66	3.2276450944786266
27	67	3.259428561587995
27	71	3.6682625661393
27	73	4.13635109926323
27	76	2.813033750991145
27	79	3.248208774573179
27	83	3.2214775095155237
27	85	3.0157420589030473
27	86	3.580759155247516
27	88	3.2143989428180775
27	90	4.582333797719106
27	92	4.323210610166948
27	93	4.562674231273258
27	95	3.028353915559533
27	96	3.18147543719315
27	97	3.3400703841350854
28	31	3.8550782350669563
28	32	3.6140961252964487
28	34	3.504690951814126
28	35	3.916029423812766
28	37	3.81564471605453
28	38	3.746742673581659
28	43	3.213786759428249
28	44	3.6611283597990725
28	45	3.58572240632744
28	47	3.6026041155901525
28	48	3.5745397538505026
28	49	3.487422850946686
28	51	4.5385954686749646
28	53	3.535050604538399
28	54	3.2594531806422786
28	58	3.0875064136274655
28	60	3.082595180821478
28	61	3.362054531331939
28	62	3.31129199374789
28	63	3.300421088049954
28	64	3.8304656335791214
28	66	3.6457831759385404
28	67	3.3109532241471005
28	71	3.308416650259998
28	73	3.1853120713860053
28	76	2.846522964731455
28	83	3.1960256061687833
28	85	3.056239597756507
28	86	3.186717876006055
28	88	3.5552642252144393
28	90	3.1872715815354598
28	92	3.229502303980874
28	93	3.1668935488374896
28	95	3.0710948494874293
28	96	3.1539286223632663
28	97	3.1761578955322696
29	30	2.8757076117509652
29	95	3.0112203264094957
30	33	3.9234186743038624
30	36	4.851446729899391
30	37	2.871034348412591
30	39	4.769963292403885
30	40	5.884243294021122
30	41	3.7679963940737577
30	42	3.754689550468739
30	46	4.6734306482521415
30	50	3.607412903205308
30	52	3.564235478340466
30	55	4.556639245484918
30	56	5.432676977193356
30	59	3.3973878789860024
30	62	2.897714330998978
30	68	3.7923150848234735
30	69	3.316936699099389
30	70	4.298012415109483
30	74	4.283375357674642
30	75	4.322055815917946
30	77	3.3015880642173787
30	79	3.2440210733787693
30	80	3.9465816839682475
30	82	4.26461275760694
30	84	3.228848920887245
30	87	4.387394147882691
30	89	4.250654452510949
30	91	3.985029195284612
30	94	4.1948027850543905
30	98	3.1958815797375126
30	99	3.236450721458956
31	32	4.010099396039812
31	34	3.532224916966925
31	35	3.870269119694854
31	37	4.828711863884775
31	38	3.7441069595428673
31	43	3.2354022510939835
31	44	5.015394113050714
31	45	3.699400308503161
31	47	4.665652952680325
31	48	3.6373474476183674
31	49	3.477185761204164
31	50	3.55168808474695
31	51	4.61571448697465
31	53	3.917872799840308
31	54	3.1253591874710835
31	58	3.129762330648982
31	60	3.067921861025142
31	61	3.3632609908958413
31	62	3.40928083768066
31	63	3.39975802081461
31	64	4.402551781431338
31	65	3.319934805464342
31	66	3.244873611206999
31	67	3.2753199054019126
31	71	4.310162606610563
31	73	3.1505829231409517
31	76	2.8336979957442794
31	83	3.2863938671207253
31	85	3.023379857791442
31	86	4.2766834095093
31	88	3.2626595639322415
31	90	4.25822366789464
31	92	3.5539901936196006
31	93	4.239627891806492
31	95	3.0308480872877843
31	96	4.2831593478073735
31	97	3.271778066010767
32	34	3.977366544638909
32	35	3.651724842941059
32	37	5.412244617600756
32	38	3.5615634549361204
32	43	3.503006408281972
32	44	3.5555743276871983
32	45	4.354122948885951
32	47	4.142669191176382
32	48	4.331888615740331
32	49	3.4478861083765517
32	50	3.7460480398572154
32	51	3.296117681108041
32	53	4.280599358235106
32	54	4.9589422381129955
32	58	3.5457804323520885
32	60	3.4212156456132825
32	61	4.092996726707508
32	62	4.057098988233217
32	63	3.046976629657784
32	64	3.0502621315136675
32	66	3.1524525255237514
32	67	3.122084599394198
32	70	3.0149705174477033
32	71	4.4036326474770675
32	73	3.161330399168012
32	76	4.6819700681987735
32	81	4.1032498772230355
32	83	2.9333027575002735
32	84	2.9420241536496814
32	85	5.156569593808268
32	86	3.2914476769505923
32	88	3.9200596068526674
32	90	3.2870320098120747
32	91	3.2042989643890336
32	92	3.0780251121983744
32	93	3.2655539938561318
32	95	3.0686310555317817
32	96	2.88800970945781
32	97	4.037951579152896
32	99	2.9284020511983755
33	35	3.250480756408131
33	36	3.9264814364616347
33	39	3.818346688368567
33	40	3.7503462964228644
33	41	5.091919966579164
33	42	4.71018078041451
33	46	3.6591387078555564
33	52	3.6345539718701128
33	55	3.5225587388985553
33	56	3.3872378300246795
33	68	4.3554037363245435
33	69	4.556349982950848
33	70	3.363091270532401
33	74	3.3405203848687104
33	75	3.2697910352471613
33	77	4.300806941867679
33	79	4.307636360895776
33	80	2.907251697027411
33	82	3.282063286139822
33	87	3.25822310581595
33	89	3.197628931923571
33	91	2.9467480820263505
33	94	3.142834710165243
33	98	3.2278205988130466
34	35	4.619137817027079
34	37	3.6979982483253897
34	38	3.522551391500477
34	43	4.624655861449008
34	44	3.3779646725173804
34	45	3.3153161917679532
34	47	4.381039317624132
34	48	3.293116933293723
34	49	4.392285051002459
34	51	3.2566374234107074
34	53	3.2348844278227076
34	54	3.7731962504149865
34	58	4.469501360967134
34	60	3.350594644961705
34	61	3.041607353668787
34	62	3.0062924502510566
34	63	2.996589531035875
34	64	3.006232386910678
34	66	3.0902834214094197
34	67	3.064356041699631
34	71	2.979640078981004
34	73	5.091113693449772
34	76	3.4122277237651177
34	81	3.7349949280379233
34	83	3.0132967180389865
34	85	3.200789272994484
34	86	2.86780259011778
34	88	2.8697624036140295
34	90	3.8618674477266293
34	92	3.8805558645885645
34	93	3.8396232654617504
34	95	3.3601813448038147
34	96	2.830800027465714
34	97	2.8434323702296846
35	37	3.92005980341291
35	38	3.8689295556112446
35	41	3.8294714851510805
35	42	2.806006452927063
35	43	4.316982276077356
35	44	3.7554312547554622
35	45	3.666568646881093
35	47	4.682133211067025
35	48	3.650281528369736
35	49	4.582275435192315
35	51	3.66033606932411
35	53	3.602019051369986
35	54	3.2104179445584555
35	58	4.157026069843162
35	60	3.1456630597444533
35	61	3.4048267782971777
35	62	3.3542056317221065
35	63	3.3425667838844175
35	64	3.3657076458226705
35	66	3.4742963858881906
35	67	3.3720959711366083
35	71	3.3440476469663842
35	73	4.2380401999104675
35	76	2.894694149148289
35	81	2.8388913336790953
35	83	3.2231860464693005
35	85	3.1016761636262142
35	86	3.212940592676359
35	88	3.2303890196340594
35	90	4.211641269420396
35	92	4.251219115553651
35	93	4.1886537071574335
35	95	3.1113995776278074
35	96	3.1756569196043603
35	97	3.1972504869977985
36	37	2.9497674303479062
36	39	4.872637076090125
36	40	4.801918254413101
36	41	3.7757060726776492
36	42	3.778840860020016
36	46	4.7224968869625155
36	50	3.6548169502513885
36	52	3.6673681842621426
36	55	4.556366344841724
36	56	4.418922043792454
36	59	3.463239957012603
36	68	3.380152269697253
36	69	3.3794167061523575
36	70	4.524156235042403
36	74	4.35237791501954
36	75	4.656277350829479
36	77	3.2678332126315484
36	79	3.472421426985835
36	80	3.925192742126224
36	82	4.279298030850933
36	84	3.4317062878584426
36	87	4.283921343375271
36	89	4.2613206120742
36	91	4.096627750589686
36	94	4.173677752183112
36	97	3.247375702543662
36	98	3.2419943130417948
36	99	3.204312161284328
37	38	3.907134809696469
37	39	2.8874677804101205
37	40	2.876302509426856
37	43	3.359729743021273
37	44	4.165152573525642
37	45	4.732835599805521
37	46	3.1439973093584834
37	47	5.103963738780664
37	48	4.714047253576039
37	49	3.6120461847431216
37	50	4.691405332356364
37	51	3.6720837246799025
37	53	4.029481554795554
37	54	4.550253527233776
37	58	3.22845714665928
37	60	3.162781210435158
37	61	4.451444514543523
37	62	4.399859158872246
37	63	3.387581571516337
37	64	3.3924705431382045
37	66	3.3494520562223133
37	67	3.3817809215825725
37	71	5.386778273245025
37	73	3.2465906198226073
37	76	4.2591983754157985
37	81	3.9374557412833933
37	83	3.2603099787676637
37	85	4.571179514594444
37	86	4.249408093286687
37	88	4.247979698697478
37	89	3.2811797203437716
37	90	4.247431620515495
37	92	3.6466506707616775
37	93	4.223000609998708
37	95	3.112925998720986
37	96	3.209572807169094
37	97	4.2813415650710605
37	99	3.2694858419280326
38	43	3.4283242132640117
38	44	3.828730056093269
38	45	3.739009898005526
38	47	3.75296774181694
38	48	3.717267117835645
38	49	3.689400281321092
38	51	3.6738744690250362
38	53	3.6598134085775595
38	54	3.2919176720212366
38	57	3.5653228593324187
38	58	3.2354412236238796
38	60	3.267432720033874
38	61	3.4379353228478537
38	62	3.388079829422212
38	63	3.3756005787534007
38	64	3.3803368999057453
38	66	4.412243023461382
38	67	3.44554430102336
38	71	3.3698882559557393
38	73	3.3041047963609342
38	76	2.950204027192956
38	81	3.0065137062275094
38	83	3.241234776689748
38	85	3.1572896493534257
38	86	3.229723642783046
38	88	3.227220101259289
38	90	3.2263955140487246
38	92	3.262655092634721
38	93	3.2007621363938656
38	95	3.1631753982512727
38	96	3.1876558320212993
38	97	3.2085375155980396
39	40	4.94229671313528
39	41	3.8972197595694995
39	42	3.8797204128277647
39	45	2.8361821975271546
39	46	4.814260362699805
39	48	3.1656451568224604
39	50	3.7083776696383777
39	52	3.7492318793548245
39	55	4.648307446748277
39	56	4.504719469206116
39	59	3.5404511010631667
39	61	2.838291898240682
39	65	3.4238524750144768
39	68	3.453084811443814
39	69	3.446095260944127
39	70	4.426431605685801
39	74	4.403972708038229
39	75	4.349477960203705
39	77	3.3274561703123435
39	79	4.235459364422085
39	80	4.3434640492986745
39	82	4.335757140487549
39	84	3.340182685016874
39	87	4.320886307656586
39	89	4.263767864825586
39	91	4.007783798040522
39	94	4.204121930291682
39	98	3.2960582236428757
39	99	3.621259335727622
40	41	3.9723758756305623
40	42	3.9539803485613336
40	45	2.8433892794601654
40	46	4.885118992398969
40	48	2.869580517883118
40	50	3.7750498548918445
40	52	3.754649176918867
40	55	4.684038402361557
40	56	4.694963116807499
40	59	3.5391364126825917
40	62	3.02863095498578
40	68	3.9170749306779733
40	69	3.436871534972158
40	70	4.416657827429265
40	74	4.392791981551537
40	75	4.39871578660428
40	77	3.37586749592018
40	79	3.350195997500673
40	80	4.062030715871936
40	82	4.363602410456329
40	84	3.3256945671234104
40	87	5.345020902235228
40	89	4.3091119758541545
40	91	4.044735557880253
40	94	4.247763473706269
40	98	3.280823031765655
40	99	3.3476909012736717
41	42	4.972681807282602
41	46	3.860980695726322
41	47	2.832551324443612
41	50	2.801731489456972
41	52	3.747681961369998
41	55	3.652514587999417
41	56	3.5853781503821733
41	68	4.454458261300167
41	69	4.546664742451246
41	70	3.391531863120953
41	74	3.3853918070979776
41	75	3.4204478961074813
41	77	4.421051900440199
41	79	4.32531569816319
41	80	3.030038328716009
41	82	3.4946048133789622
41	87	3.262919695204634
41	89	3.336035538720072
41	91	3.064770585040354
41	94	3.2731130027497812
41	98	3.2549544752161976
42	44	2.9344060839374895
42	46	4.886698743921829
42	47	3.2253089370994004
42	50	3.1846552341941736
42	52	3.7521610817094784
42	55	3.6721301957066115
42	56	3.5961822097023104
42	68	4.470316717076795
42	69	4.426520414810896
42	70	3.5418566308862443
42	74	3.381340382253084
42	75	3.438003274143655
42	77	4.407879365283004
42	79	4.474296848107997
42	80	3.035900776302627
42	82	3.3504382046537087
42	87	3.275102563836506
42	89	3.707486768246048
42	91	3.2044000160243207
42	92	3.318927475446334
42	94	4.276092927443351
42	98	3.266470901818405
43	44	3.479074966964784
43	45	3.46823134569228
43	47	4.420325364299099
43	48	3.3991880466934132
43	49	4.511913700573779
43	51	3.3367837886415597
43	53	3.304413704489302
43	54	3.605665033824303
43	58	4.447640809467672
43	60	4.323538116441796
43	61	3.074373223675637
43	62	3.162567833928091
43	63	4.016252389593936
43	64	3.0185970087726135
43	66	3.089290496726622
43	67	3.0835733247229373
43	71	2.981239532306096
43	73	4.072695187046263
43	76	3.5167703513823185
43	81	3.3651382043847575
43	83	2.8660865758221843
43	85	3.0776558510745584
43	86	2.85287821298618
43	88	2.843913081612067
43	90	3.841922134945585
43	92	3.850433143340858
43	93	3.814133558270417
43	95	2.941450993586604
43	96	3.1736352414995417
43	97	2.81580072179758
44	45	3.9048745351226732
44	46	2.946763419698785
44	47	4.285622327044185
44	48	3.876161567429757
44	49	3.7962588679567215
44	50	3.2443850348493632
44	51	4.8264293890088075
44	53	3.9414328208559084
44	54	3.3875433815916187
44	58	3.563516726502621
44	60	3.2844726643182502
44	61	3.546866290168883
44	62	3.4950549294384787
44	63	3.4812429034295325
44	64	4.48602874024701
44	65	3.5484609796125928
44	66	3.465007974648328
44	67	3.4972022665687126
44	71	3.8355602357162595
44	73	3.3505450039093123
44	76	3.000003006126143
44	81	2.9161982490885006
44	83	3.3242301612348055
44	85	3.191782513614225
44	86	3.678658875858107
44	88	3.306334091314092
44	90	3.673029903622862
44	92	4.339798334939173
44	93	3.646372693693994
44	95	3.188789927342732
44	96	4.261625430228392
44	97	3.7054865466314215
45	46	2.9466013927922448
45	47	3.9633895909198618
45	48	4.923327062617263
45	49	4.757709146190772
45	50	3.8325729875185295
45	51	3.8881868098516588
45	53	3.808075651919583
45	54	4.365171933855288
45	58	3.2926522215053446
45	60	3.301232323504397
45	61	4.542634555129616
45	62	4.9473873317007815
45	63	3.6149203603335307
45	64	3.570298408687172
45	66	3.4146943796750664
45	67	3.445240045463333
45	70	2.8292208777060366
45	71	4.465633201832979
45	73	3.302764834456122
45	76	3.979951622840929
45	81	3.89131742192711
45	83	3.404086284145962
45	85	5.145814499359538
45	86	3.39060673753386
45	88	4.5320419060045785
45	90	3.3758945636076385
45	92	3.296689419299661
45	93	3.348759495432582
45	95	3.1382273462825285
45	96	3.358160600911751
45	97	4.335751751969313
45	99	3.289419547011701
46	48	2.927377118380999
46	50	4.2506605131398185
46	52	3.8556466017559017
46	55	4.765532667292108
46	56	4.663966461205377
46	59	3.6111900377783988
46	68	3.542674047962083
46	69	3.496070253897109
46	70	4.610474050579822
46	71	2.8738812891089287
46	72	3.4595570569702057
46	74	4.446733299945308
46	75	4.460728219022146
46	77	3.4296377806871705
46	79	3.536894025322649
46	80	4.061286367264052
46	82	4.410632253200561
46	84	3.5067715671887236
46	87	4.331193047814936
46	89	4.901406301021466
46	91	4.222673671269189
46	94	5.288227876270306
46	98	3.319405522653076
46	99	3.3382183876910156
47	48	3.956836334462823
47	49	4.790406698823753
47	50	3.866574898712549
47	51	3.905140023966062
47	53	4.20987519999759
47	54	3.6051655528574558
47	58	4.359353932247842
47	60	3.275313697429258
47	61	3.5734593467471534
47	62	3.5611226447377247
47	63	3.5466717084968633
47	64	3.5516795092452442
47	66	3.4435165913419237
47	67	3.47397010936451
47	71	4.496175671192076
47	73	4.329511916812998
47	76	3.226225708674334
47	81	2.9478830358315253
47	83	3.3837107755105458
47	85	3.58305900347822
47	86	4.369751385251434
47	88	3.365247248585496
47	90	5.364047484181759
47	92	4.693091401592187
47	93	5.3331659115915535
47	95	3.162854986279558
47	96	3.3187422948307628
47	97	3.390676079944803
48	49	3.8317192643566473
48	50	3.9810003104812313
48	51	3.9464034712914984
48	53	3.8789429557277293
48	54	4.424307849364914
48	55	2.813986356110729
48	58	3.3394479114277615
48	60	3.320049499446124
48	61	5.598582745641568
48	62	4.590425789926953
48	63	3.59151109978473
48	64	3.5782310286220516
48	65	2.916536597245478
48	66	3.467519831923439
48	67	4.497790829067014
48	71	4.517791775012248
48	73	3.353435680339477
48	76	4.1473132456249715
48	80	3.067253679018385
48	81	3.926712238197382
48	83	3.421399812026383
48	85	4.187930750198844
48	86	3.3885110821136317
48	88	4.3833427983709985
48	90	3.38197540120952
48	92	3.3401489007003784
48	93	3.349816525411214
48	95	3.184331689630213
48	96	3.3850387030847395
48	97	4.357302706484503
48	99	4.353067481913953
49	50	2.912552559260088
49	51	3.8030422893366556
49	53	3.775367486979249
49	54	3.5424970017846
49	58	4.469674865280587
49	60	3.4821810156067836
49	61	3.4910090346124343
49	62	4.601233999384104
49	63	3.479070261697207
49	64	3.433470549879769
49	66	3.5608277245653506
49	67	3.522602024396239
49	68	3.506353978132786
49	71	3.404064666078061
49	73	4.510383949062532
49	76	3.1221120366474384
49	81	3.0220184848674143
49	83	3.2570433884564816
49	85	4.3339685133402215
49	86	3.242604972029153
49	88	3.2351153775260038
49	90	4.233728238699945
49	92	4.259543545611397
49	93	4.20144954310618
49	95	3.332438616836903
49	96	3.2066543728673933
49	97	3.2131278362013544
50	51	2.883416128538712
50	52	2.862566435129807
50	53	3.2250170420147004
50	54	3.4859803118332295
50	55	3.7634756441437816
50	56	3.744980558497557
50	57	4.367606888519287
50	59	3.6005006996925095
50	61	3.5720715080226224
50	62	3.521485884527893
50	70	3.8252017113630377
50	71	4.48530163780573
50	72	2.8995092446156017
50	74	3.4260082941052605
50	75	3.4946992129391146
50	76	3.0636176020410764
50	80	3.126500939471065
50	81	2.974248565216072
50	82	3.384330085733686
50	84	3.71363474060923
50	85	3.2582310864515014
50	86	3.3194075973126713
50	87	3.3051526367492134
50	88	3.313098120626162
50	89	4.383778475549495
50	90	3.311531866744915
50	91	3.52146075979774
50	93	3.279045689585393
50	94	3.733908518952267
50	97	3.3351620449176784
50	99	4.466449747850834
51	53	3.913067736809752
51	54	3.5945282000629146
51	57	3.065146829768901
51	58	3.3683352031021228
51	60	3.3264611904529673
51	61	3.619476363974666
51	62	3.6253850049474794
51	63	3.61013858214701
51	64	4.98306988558432
51	65	3.5690881663145313
51	66	3.8557818176909944
51	67	3.5177307445063213
51	71	3.5347337547198947
51	73	3.3713626894524946
51	76	3.0305622045160625
51	81	2.9444417186835152
51	83	3.4323385271342994
51	85	3.2005604741931872
51	86	3.4167422431986205
51	88	3.7787591383743298
51	90	3.4093842847787847
51	92	3.349751585465825
51	93	3.375773503794214
51	95	3.1890269900849115
51	96	4.360971183949228
51	97	3.3816228679205897
52	53	2.917379590532866
52	55	3.8967792205206324
52	56	3.6918923754097417
52	57	3.6995203315883303
52	59	3.0710985059748968
52	68	3.5856393093420103
52	69	3.7136678412187214
52	70	3.5760492069429457
52	74	4.5355492430212765
52	75	3.468627909466355
52	77	3.4435654663861794
52	79	3.4948010973373926
52	80	3.084004090601121
52	82	3.807590349463919
52	87	3.416677617318151
52	89	3.357936079092017
52	91	3.10001412676917
52	94	3.29027127098116
52	98	3.3730458850177487
53	54	3.5302636282252857
53	58	3.5682492955363285
53	60	3.3873527875312677
53	61	3.6882800556526947
53	62	3.634672319599155
53	63	4.618695858361822
53	64	3.623524151082831
53	66	3.552220090511652
53	67	3.583075947382692
53	71	3.9613493363735923
53	73	3.4276141866238676
53	76	3.077504624224513
53	81	2.98639796659405
53	83	3.4298269442502742
53	85	3.251813795897197
53	86	3.781529899603502
53	88	3.4064117841743484
53	90	3.772515342032179
53	92	3.5386759631778397
53	93	3.7370416343968005
53	95	3.237524606785571
53	96	3.354549513111343
53	97	3.5110093597658767
54	57	2.8493236142180645
54	58	3.797089937224677
54	60	3.640589066073098
54	61	4.325257394391182
54	62	4.2909237501721345
54	63	3.276626281602666
54	64	3.647249180093967
54	66	3.4093264413724063
54	67	3.3310441086889595
54	71	4.225356711339633
54	73	3.348364799747292
54	76	5.386432394848134
54	81	4.4765959438840515
54	83	3.077913053051792
54	85	4.7852032228716
54	86	3.058198332116056
54	88	4.413155196041789
54	90	3.0424155837821303
54	92	3.0487744186294328
54	93	3.005398133105739
54	95	3.1602039116617098
54	96	2.9952109266072284
54	97	4.00604657361133
54	99	3.027454947680174
55	56	4.880841442167543
55	57	2.886953528054856
55	59	3.8244672255710745
55	68	3.701027812799362
55	69	3.6661209417319673
55	70	4.6363164602986355
55	74	4.647580376100196
55	75	4.570764069357127
55	77	3.54296034817936
55	79	3.546873678658703
55	80	4.169562959591819
55	82	4.5519319001549645
55	84	3.50161820005903
55	87	4.461890662712911
55	89	4.444634676718714
55	91	4.177940198018866
55	94	4.371044666883886
55	98	3.4324552980804337
55	99	3.4184581523544457
56	57	2.9101365868007933
56	59	3.7698717707992606
56	68	3.665863441076941
56	69	3.611880854173294
56	70	4.589260594863386
56	74	4.548856216079903
56	75	4.592858542602907
56	77	3.5857496445502592
56	78	2.8978701277886647
56	79	3.4932274988302896
56	80	4.285674373303933
56	82	4.485685681255482
56	84	3.4431071653989194
56	87	4.531889179790509
56	89	4.581679691073442
56	91	4.291259921616813
56	94	4.46354186430012
56	98	3.367010968695057
56	99	3.404310583208085
57	59	3.2225074342936786
57	61	2.807956213201567
57	64	3.741448977451105
57	66	3.8764644246921107
57	69	2.8254127223977172
57	74	3.6219263107850166
57	82	2.9255637795257274
57	88	3.4725081638325674
57	99	3.641808192875583
58	60	3.8240029279188446
58	61	3.485507110567576
58	62	3.450970270381376
58	63	3.4324474367705182
58	64	3.4349970962263523
58	66	3.518394798135144
58	67	3.4876329717563674
58	71	3.418850684562884
58	73	4.4793832974558985
58	76	3.525325648863707
58	81	3.397642680866671
58	83	3.1972053918086916
58	85	3.401728977707462
58	86	3.2268679411510743
58	88	3.1613130482905745
58	90	4.2076315937006905
58	92	4.180009446870883
58	93	4.168933501765397
58	95	3.2719471297290745
58	96	3.1036587309881547
58	97	4.208391243284239
59	61	2.8937370024970663
59	62	2.891875417407956
59	68	2.84304205069518
59	69	3.189198697275431
59	70	3.796118129715784
59	74	4.115238799834835
59	75	3.6918848342135746
59	78	3.708315545635417
59	80	3.2802981222618786
59	82	4.912316795577163
59	84	3.630117185530094
59	87	3.577551453033658
59	88	2.953073856264816
59	89	3.5396096633691028
59	91	3.2717943772258007
59	94	3.4577580229804505
59	99	3.502094425077971
60	61	3.654814010833794
60	62	3.732158808642875
60	63	4.578315056701224
60	64	3.581381067469221
60	66	3.6694480346702103
60	67	3.6545891112900555
60	71	3.5055908760200527
60	73	3.623011592821157
60	76	3.689757621838966
60	81	3.423329216515409
60	83	4.314344220440695
60	85	3.5745209642286238
60	86	3.2913823965246984
60	88	3.2732406705239594
60	90	3.2692829219176596
60	92	3.2715816148512245
60	93	3.220827937962879
60	95	4.388979280158516
60	96	3.576495033072337
60	97	3.220611540390511
61	62	4.94626228327633
61	63	3.9416216873549708
61	64	3.9280646858198107
61	65	3.3074667598572507
61	66	3.8488332347443626
61	67	4.877744065417709
61	70	2.839112138703607
61	71	4.8634125915099755
61	72	2.808211925176138
61	73	3.695584022905206
61	76	4.458177624230113
61	80	3.3544907553026073
61	81	4.209266700747322
61	83	3.6673799103366025
61	85	4.465164557998421
61	86	3.6255703441165283
61	88	4.610101703006995
61	90	3.606580283635954
61	92	3.5929573772983665
61	93	3.5558053865989363
61	95	3.4285299925229764
61	96	3.5894963633099652
61	97	4.559266275394554
61	99	4.5753128128290586
62	63	4.114482819378884
62	64	3.9840059701889525
62	65	2.906200910772614
62	66	3.8119477389500602
62	67	3.841611671996106
62	68	3.675604857281404
62	70	2.8826574996346617
62	71	4.825714369236201
62	73	3.658227110480197
62	74	2.8108114484258326
62	76	4.320746197328866
62	81	4.190352785820198
62	83	3.7029450875350283
62	85	4.799028871516094
62	86	3.679357004466151
62	88	4.651752044298977
62	90	3.644159043853944
62	92	3.549320227567273
62	93	3.596385238017982
62	95	3.3857364675566664
62	96	3.6425318506375017
62	97	4.575252005177706
62	99	3.5336268578182497
63	64	3.9941284603565617
63	65	2.9597711060692933
63	66	3.822484222388944
63	67	3.8677212332943283
63	71	3.8342191371963295
63	73	3.6675441839504255
63	76	3.447530640928952
63	81	3.1991859162183904
63	83	3.719741057033497
63	85	3.4878323910124807
63	86	3.695383834568638
63	88	3.656775283797988
63	90	3.6489986721218406
63	92	3.553927513540755
63	93	3.600437114625748
63	95	3.3910762070068836
63	96	3.975396923688925
63	97	3.5771844610876
64	65	3.91541540683
64	66	3.9628764190336208
64	67	3.8546549157927954
64	71	3.83977164578995
64	73	3.6789194419027376
64	74	2.8242425787065124
64	76	3.3153139367794173
64	81	3.202389999118704
64	83	3.7151972567683145
64	85	3.442376809929944
64	86	3.6902364023548744
64	88	4.662468852069027
64	90	3.6546618236374604
64	92	3.5592773178081103
64	93	3.6060875821154
64	95	3.3979672700766046
64	96	4.602349170913902
64	97	3.5824378981422003
65	66	2.906181843630392
65	67	3.304069499834101
65	68	2.9259588881441614
65	69	2.854533740435949
65	70	2.8296796498257515
65	71	2.851492012326268
65	75	2.820406061640851
65	77	2.804237297746775
65	96	3.65777712201863
65	98	3.5512326665083878
66	67	3.9571261500981647
66	69	2.8076901159659835
66	71	3.8021795936415534
66	73	3.833772094529981
66	76	3.4238870521166187
66	81	3.3044175979730586
66	83	3.585305924508348
66	85	3.588610544342053
66	86	3.560529892562416
66	88	3.677928397996669
66	90	3.5386009118381705
66	92	3.5505750132580296
66	93	3.485575888416591
66	95	3.547556813688459
66	96	3.470435876903264
66	97	3.487163013113938
67	71	3.841886690032167
67	73	3.8058426842319872
67	76	3.541954344654152
67	81	3.285938743750732
67	83	3.6404256479058668
67	85	3.5615357917342907
67	86	4.59731320040187
67	88	3.5796090434292154
67	90	3.5756368843669204
67	92	3.589372520109566
67	93	3.5222528507978628
67	95	3.5234702638297484
67	96	3.556477780721347
67	97	3.5242430987738462
67	99	3.5581245738034086
68	69	4.9326359628328955
68	70	3.9063883263545254
68	74	3.8479831417238026
68	75	3.8360796836937636
68	77	4.794509745846749
68	78	2.8228424990290035
68	79	4.782151862302313
68	80	3.4007003664037625
68	82	3.761822961345838
68	87	3.7233258478756026
68	89	3.6538912009383533
68	91	3.3774688741320396
68	94	3.5641511689983134
68	98	4.610053424676844
69	70	3.972511780931694
69	74	4.046748282332685
69	75	3.850397705582684
69	77	4.824018934245752
69	78	2.8593538229505167
69	79	4.842572819152136
69	80	3.4219296025856214
69	82	4.146402847184203
69	87	3.7092530183152013
69	89	3.666824240945595
69	91	3.3940854047182594
69	94	3.5746204026546238
69	98	3.6537636919511693
70	71	3.3088443119495956
70	72	3.017330532075031
70	74	4.944969014151145
70	75	4.898215342442882
70	77	3.812522147067627
70	78	2.8554430071919374
70	79	4.868342463803627
70	80	4.42348326642953
70	82	4.774687479242098
70	84	4.77713447909083
70	87	4.733233536619744
70	88	3.2157230802271792
70	89	5.030519573175933
70	91	5.39304546677428
70	94	4.705489982047449
70	98	3.648178866275318
70	99	3.6110429216681212
71	72	3.3066294190903203
71	73	3.8231868164093097
71	74	2.9145472312948906
71	75	2.923403062581992
71	76	4.443618202469694
71	81	4.318958903347274
71	82	2.819024509501828
71	83	3.7603133615050126
71	84	3.1396883979846035
71	85	4.568881113666039
71	86	4.733179930480733
71	88	4.713619049809495
71	89	3.715665213208662
71	90	4.709258834694154
71	91	2.8032491164689173
71	92	4.0528482113794215
71	93	4.65087008804488
71	94	2.9885432603610456
71	95	3.512072814547138
71	96	3.634024482847673
71	97	4.702622959253206
71	99	3.6636033667090886
72	74	2.8732976445697354
72	75	2.924717546985797
72	84	3.860350063097065
72	89	3.108565725264854
72	94	3.67810570729523
73	76	3.5607512616741297
73	81	3.426527175500103
73	83	3.7542144949112677
73	85	3.73061373202568
73	86	3.5913379008883832
73	88	3.576269310073598
73	90	4.564742157096366
73	92	4.568812929541644
73	93	4.505769250274858
73	95	4.049573330319772
73	96	3.4908103330460953
73	97	3.5054077404536597
74	75	4.926357270918033
74	77	3.888776172771611
74	78	2.937924326582665
74	79	3.926645297377103
74	80	4.490970430823024
74	82	5.212679654737604
74	84	3.8448237700038588
74	87	4.7815925357036315
74	88	3.813033417240023
74	89	4.726878820349249
74	91	4.452854410716566
74	94	4.629571319458679
74	98	3.707205816490607
74	99	3.6699239944353605
75	77	3.9610113877630737
75	78	2.921966460243587
75	79	3.9315750478302807
75	80	4.5422999997980416
75	82	4.84973475521997
75	84	3.8471242273364745
75	87	4.734325808876952
75	89	4.815663186607385
75	91	4.557362825943621
75	94	4.703759461736058
75	97	3.0416750894064672
75	98	3.6837908940520325
75	99	3.7088999695956857
76	80	2.8921796772619484
76	81	4.948501535284357
76	83	3.4004336270742526
76	85	5.130894906629016
76	86	3.36814684407991
76	88	4.340424058679354
76	90	3.33447552125057
76	92	3.3171925664414306
76	93	3.2712599513316594
76	95	3.4044513034062804
76	96	3.627080928535153
76	97	4.265937968865563
76	99	3.4187259826298644
77	78	2.9381705941465364
77	79	4.898328025477712
77	80	3.575045612170142
77	82	3.8645079290273667
77	84	2.8107503307794133
77	87	3.746697703230273
77	89	3.822730126937718
77	91	3.5379397776136954
77	94	3.729063232164256
77	98	3.686679590155123
78	79	2.9580986853381144
78	82	2.9118014812972923
78	84	2.870554296445599
78	87	2.8548413193920834
78	98	3.7457771157650033
79	80	3.5279039685677946
79	82	3.874044282634973
79	84	3.8728782619593822
79	87	3.8464502340245836
79	89	4.120417527097508
79	90	3.188616321504203
79	91	4.48154336032707
79	92	2.850928325690952
79	93	3.127154438577923
79	94	3.787638692217156
79	98	3.727777085970073
80	82	4.620734724934047
80	84	3.574162375797025
80	87	4.56200533645808
80	89	4.5585426105176206
80	91	4.749573160928768
80	94	4.509774727007298
80	98	3.43707314947569
80	99	4.454076350695567
81	83	3.4487672112324717
81	85	4.670903506002817
81	86	3.4159506774910695
81	88	4.3847196553347905
81	90	3.377639464137065
81	92	3.3530986476623568
81	93	3.3082080110417977
81	95	3.4296730670100235
81	96	3.296022275537499
81	97	4.301036283767458
81	99	3.316503947166404
82	84	3.9432114669007867
82	87	4.873826022980384
82	88	3.2472905135751704
82	89	4.86944974434777
82	91	4.584013185461418
82	94	4.76176992636914
82	97	2.8028917764535555
82	98	3.8061617886792027
82	99	3.8014509922155586
83	85	3.7116669714978867
83	86	3.966585667814218
83	88	3.91833623844766
83	90	3.9074152195620133
83	92	3.7971827424607127
83	93	3.839249557198341
83	95	4.996638554172658
83	96	3.845383327897043
83	97	3.8117574345965237
84	87	3.9284101450487023
84	88	2.9342590497539205
84	89	4.239603777184071
84	91	4.591810495582829
84	94	3.898028949426326
84	97	2.9791683979740307
84	98	2.8384190795914725
84	99	3.800336348198155
85	86	3.7281718677630193
85	88	4.697771771253097
85	90	3.69160616951256
85	91	2.831218308376784
85	92	3.6810210587718495
85	93	3.618666005177972
85	95	3.8119607216417575
85	96	3.6209183923808457
85	97	4.6210786512324376
85	99	3.6418965705761095
86	88	3.9495365453716462
86	89	2.8715246668742926
86	90	4.939254394404824
86	92	4.263184805624054
86	93	4.868673490768682
86	95	3.658057041658891
86	96	3.873670506248809
86	97	3.8904852754436874
87	88	2.982989454227681
87	89	4.904490511314975
87	91	4.627206060347924
87	94	4.79201452414419
87	97	2.8705453677259523
87	98	3.864941064055586
87	99	3.8773747063613895
88	89	2.920953759241434
88	90	3.989361972911144
88	92	3.8743389476450827
88	93	3.915869871338562
88	94	2.80758996832072
88	95	3.705174081326637
88	96	3.897598394216792
88	97	4.88715119654488
88	99	3.8437371012077337
89	90	2.9235706579846785
89	91	5.068186900491132
89	93	2.84641577465396
89	94	5.2514970082361625
89	97	2.8939351232301913
89	98	3.8472411870418064
89	99	3.878061469443116
90	92	5.252235669205894
90	93	5.922421309815212
90	95	3.71221056070004
90	96	3.9032872455711027
90	97	3.9467767471343125
90	99	2.8534367732634305
91	94	4.8632588447105505
91	98	3.642897732434861
91	99	3.6645232094249836
92	93	5.29109957844813
92	94	2.9289078280225898
92	95	3.817419083624409
92	96	3.9043062970954314
92	97	3.93847736177886
92	99	2.9544144503363543
93	95	3.7863799974173102
93	96	3.9802498776184856
93	97	4.021647792712357
93	99	2.9260364016269658
94	97	2.9086757609342584
94	98	3.893107347862837
94	99	3.9224991855934705
95	96	3.7780012332530477
95	97	3.789444096253671
95	99	2.824050723572427
96	97	3.9660666022111672
96	98	3.1348459287851393
96	99	2.97228821638562
97	99	3.955518362781141
98	99	2.963820481328267
